{
  "project_info": {
    "project_number": "1082217844230",
    "project_id": "note-app-d8c3c",
    "storage_bucket": "note-app-d8c3c.appspot.com"
  },
  "client": [
    {
      "client_info": {
        "mobilesdk_app_id": "1:1082217844230:android:46a318568e9b084dddfd87",
        "android_client_info": {
          "package_name": "com.example.noteapp"
        }
      },
      "oauth_client": [
        {
          "client_id": "1082217844230-47l86t7vfk78t6u4cdrdfujrvrj02tct.apps.googleusercontent.com",
          "client_type": 3
        }
      ],
      "api_key": [
        {
          "current_key": "AIzaSyDXa9EUVnNUaIn2YN9lliPuo0b80w0QOBA"
        }
      ],
      "services": {
        "appinvite_service": {
          "other_platform_oauth_client": [
            {
              "client_id": "1082217844230-47l86t7vfk78t6u4cdrdfujrvrj02tct.apps.googleusercontent.com",
              "client_type": 3
            }
          ]
        }
      }
    }
  ],
  "configuration_version": "1"
}